id,sub_query,content_chunk,query_type,label,similarity_score
s001,how does Jasper AI compare to human writers for SEO content,We ran a head-to-head comparison between Jasper AI-generated articles and content written by professional SEO copywriters. AI content scored higher on keyword density but lower on narrative depth.,comparative,True,0.8039
s002,AI writing tool vs human writers for SEO,Our platform is designed to save time for marketing teams.,comparative,False,0.2006
s003,AI SEO writing tool with real-time SERP analysis,"Our AI SEO writing tool features real-time SERP analysis, instantly scanning the top-ranking pages for your target keyword and surfacing the exact headings, entities, and word counts your content needs to compete.",feature_specific,True,0.8859
s004,AI writing tool with keyword clustering feature,Ancient Roman aqueducts were engineering marvels that transported water across hundreds of kilometres.,feature_specific,False,0.0443
s005,AI writing tool for marketing agencies at scale,"Marketing agencies rely on our AI writing tool to scale content production across dozens of client accounts simultaneously, generating SEO-optimised articles, landing pages, and ad copy at a volume no human team could match.",use_case,True,0.7942
s006,AI content tool for e-commerce product descriptions,Our engineering team adopted agile sprint ceremonies to improve cross-functional collaboration and reduce the average time from feature request to deployment.,use_case,False,0.0456
s007,AI SEO writing tool customer reviews 2025,"Customers consistently rate our AI SEO writing tool 4.9 out of 5 in 2025 reviews on G2 and Capterra, praising its accuracy, speed, and measurable impact on organic search rankings.",trust_signals,True,0.674
s008,AI writing tool case studies results,Our pricing starts at $49 per month for individual users.,trust_signals,False,-0.0423
s009,how to optimise blog content for SEO using AI,"To optimise a blog post with AI, start by entering your target keyword. The tool will generate a content brief with recommended headings, semantic keywords, and a target word count based on top-ranking competitors.",how_to,True,0.8372
s010,how to use AI tools to improve organic search traffic,The annual report details the company's carbon-offset procurement strategy and its progress toward net-zero emissions targets by 2035.,how_to,False,0.1759
s011,what is AI-assisted SEO content writing,"AI-assisted SEO content writing is the practice of using large language models and NLP tools to create, optimise, and structure written content specifically to rank well in search engine results pages.",definitional,True,0.9079
s012,definition of generative AI for content marketing,Our subscription includes unlimited exports and priority support.,definitional,False,0.1411
s013,Surfer SEO vs Clearscope content optimisation comparison,Surfer SEO offers a content editor with NLP scoring while Clearscope focuses on keyword grading. Both tools are used by enterprise content teams but differ in integration options.,comparative,True,0.7239
s014,best AI writing tool for solo bloggers,"Solo bloggers rank our AI writing tool as the best option for independent creators: it handles keyword research, drafts full posts, and suggests internal links — all without needing a content team.",use_case,True,0.8818
s015,AI writing tool ROI case study enterprise,"In a documented enterprise case study, a Fortune 500 marketing team achieved 320% ROI within six months of adopting our AI writing tool, cutting content production costs by half while tripling output volume.",trust_signals,True,0.8139
s016,how to brief an AI writing tool for technical content,"To brief an AI writing tool for technical content, supply it with required terminology, a precise target audience, authoritative reference URLs, and tone guidelines — the AI will then produce accurate, jargon-appropriate drafts automatically.",how_to,True,0.8337
s017,what is semantic keyword clustering in SEO,"Semantic keyword clustering in SEO is the process of grouping related search queries by shared topic intent, allowing content to target an entire subject area rather than a single keyword phrase.",definitional,True,0.9083
s018,AI writing tool vs traditional content agency cost,The platform starts at $49/month.,comparative,False,0.218
s019,AI tool for generating FAQ sections automatically,Our AI tool automatically generates FAQ sections from any topic: enter a subject and it instantly produces structured question-and-answer pairs ready to embed as FAQPage schema markup on your page.,feature_specific,True,0.8748
s020,AI content tool integrations with CMS platforms,Our WordPress plugin and Webflow integration allow one-click publishing directly from the editor.,feature_specific,True,0.2969
